Workflow,Baseline,Molecule,Geometry_Param,E_HF,E_FCI,E_CISD,n_spatial,V_Identity,V_Optimized,Sum_CommSq_Identity,Sum_CommSq_Optimized,Sum_Sexp_Identity,Sum_Sexp_Optimized,Coarse_Entropy_Identity,Coarse_Entropy_Optimized,Fine_Entropy_Identity,Fine_Entropy_Optimized,Edec_Identity,Edec_Optimized,Ecoupled_Identity,Ecoupled_Optimized,Kcoupled_Identity,Kcoupled_Optimized,EBO_Identity,EBO_Optimized,NumSectors_Identity,NumSectors_Optimized,DenseDiagnosticsSkipped,Edge_Count,Mean_Abs_Expectation,Min_Abs_Expectation,Max_Variance,Degree_Sequence,Components,Component_Count,Cycle_Count,Algebraic_Rank,Vertices_Involved,Edges,Sources,Expectations,Variances,Thetas_JSON,Rotation_Pairs_JSON,Optimizer_Success,Optimizer_Status,Optimizer_Message,Optimizer_Nit,Optimizer_Nfev,N_Restarts,Initial_Frame_Edges_JSON,Initial_Frame_Sources_JSON,Initial_Frame_Expectations_JSON,Initial_Frame_Variances_JSON,Elapsed_Seconds
quartet_baseline,greedy,lih,0.8,-7.615770161235988,-7.63416732932433,-7.634156208596231,6,0.06910775092639854,0.000819217938999528,0.047296974451502244,0.009846785216471279,5.965306415321347,5.999590364423416,0.039308635335590085,0.0007355841241059965,0.04295987332394526,0.0007756759211065214,-7.631353881835978,-7.633947154416492,-7.633687760082124,-7.6339471544164805,42,1,-7.631353881835983,-7.633947154416482,8,8,False,6,0.9999317274039031,0.9998654525238051,0.0002690768493665008,3 3 2 2 1 1,0-1;2-3-4-5,2,2,4,6,0-1 2-3 4-5 3-4 2-5 3-5,matching_seed matching_seed matching_seed greedy_added greedy_added greedy_added,0.999996014511 0.999865452524 0.999868199399 0.999998559464 0.999995174209 0.999866964317,7.9709623223e-06 0.000269076849367 0.000263583829979 2.88107087398e-06 9.65155851418e-06 0.000266053667944,"[4.047808829462843,-0.024322604921417922,0.0001241345357195965,0.00014374732135160007,-0.001161240171975942,0.020306749753466243,-0.00018763392783360586,2.971162392128736e-05,0.0005604031265731848,-3.129023782600623,-0.005456970968758197,0.41675844479997426,0.3001400253031447,0.005492460860972225,-0.0006121096606540775]","[[0,1],[0,2],[0,3],[0,4],[0,5],[1,2],[1,3],[1,4],[1,5],[2,3],[2,4],[2,5],[3,4],[3,5],[4,5]]",False,1,Maximum number of function evaluations has been exceeded.,3,500,3,"[[0,1],[2,3],[4,5],[3,4],[2,5],[3,5]]","[""matching_seed"",""matching_seed"",""matching_seed"",""greedy_added"",""greedy_added"",""greedy_added""]","[0.999996661100343,0.9998660155765666,0.999868371708518,0.9956351287621333,0.9956333315694582,0.9955815888947042]","[6.677788165654341e-06,0.00026795089504105807,0.0002632392569570374,0.008710690374810204,0.008714269067901292,0.008817299853896232]",253.9170771999634
quartet_baseline,ring,lih,0.8,-7.615770161235988,-7.63416732932433,-7.634156208596231,6,0.07547644476239135,0.0007345578434758693,0.05640746117947513,0.009797511482112109,5.962103973658044,5.999632701087547,0.04056552088200449,0.0009347230730403432,0.043579925400124404,0.0009552465124319945,-7.631187172804623,-7.6339103209710055,-7.633552115751828,-7.63391032097101,42,1,-7.631187172804619,-7.63391032097101,16,16,False,6,0.9999387835145912,0.9998629738273421,0.0002740335691437945,2 2 2 2 2 2,0-1-2-3-4-5,1,1,5,6,0-1 1-2 2-3 3-4 4-5 0-5,ring ring ring ring ring ring,0.999993787055 0.999954222258 0.999862973827 0.999992802903 0.999867637516 0.999961277527,1.24258506693e-05 9.15533879313e-05 0.000274033569144 1.43941421947e-05 0.000264707447366 7.74434461712e-05,"[4.770596699898121,-0.031453935850635946,3.2117311091216824e-05,2.790846330808465e-06,-0.001337808035953944,-0.00025140492108448895,5.918564483220914e-05,4.4965406986596175e-07,-0.0001477154336781658,-3.1081215937673377,-0.00783988356637431,0.418365281147195,0.11676773550756685,0.013818429355698277,-0.0015998418903877018]","[[0,1],[0,2],[0,3],[0,4],[0,5],[1,2],[1,3],[1,4],[1,5],[2,3],[2,4],[2,5],[3,4],[3,5],[4,5]]",False,1,Maximum number of function evaluations has been exceeded.,3,500,3,[],[],[],[],198.64612160000252
quartet_baseline,balanced_tree,lih,0.8,-7.615770161235988,-7.63416732932433,-7.634156208596231,6,0.07130662412747824,0.0006910694636986792,0.03878529584867875,0.008176742428394532,5.964218077946107,5.999654446679497,0.04056552088200449,0.000863168485430848,0.043579925400124404,0.0008814633148828785,-7.631187172804623,-7.633917899153234,-7.633552115751828,-7.633917899153232,42,1,-7.631187172804619,-7.633917899153231,16,16,False,6,0.9999424077799165,0.99986929959321,0.0002613837309836109,3 3 2 2 1 1,0-1-2-3-4-5,1,1,5,6,0-1 0-2 1-3 1-4 2-5 0-5,balanced_tree balanced_tree balanced_tree balanced_tree balanced_tree balanced_tree,0.999996656128 0.999962211637 0.999869299593 0.999869337448 0.999996579782 0.999960362091,6.68773310197e-06 7.55752979371e-05 0.000261383730984 0.000261308030982 6.84042362098e-06 7.92742470728e-05,"[3.20157790680329,-0.0011112624103812433,2.3936381527666247e-07,7.45771714771078e-08,-0.0002841377110252683,0.03145096052278413,-1.2810185378285023e-08,-1.369228276384293e-06,0.0011578888606633827,0.0012760626099323617,-9.42147289581679,0.41492755882881355,1.715584501572383,-0.0012436860624719793,-0.0007028340033116932]","[[0,1],[0,2],[0,3],[0,4],[0,5],[1,2],[1,3],[1,4],[1,5],[2,3],[2,4],[2,5],[3,4],[3,5],[4,5]]",False,1,Maximum number of function evaluations has been exceeded.,3,500,3,[],[],[],[],200.33500290004304
quartet_baseline,greedy,lih,1.3777777777777778,-7.859189397713697,-7.876911335490261,-7.876900814917983,6,0.11510325055631898,0.00015670536047018846,0.054653785618637686,0.002344659404404609,5.942119176576071,5.999921646710827,0.04741795370102452,0.0001298729432319591,0.051092204611035606,0.00013935347988306017,-7.873503388989571,-7.87687608348503,-7.876880579591985,-7.876876083485032,42,1,-7.873503388989576,-7.876876083485033,8,8,False,6,0.9999869411184714,0.9999817014540179,3.659675712741617e-05,3 3 2 2 1 1,0-1;2-3-4-5,2,2,4,6,0-1 2-3 4-5 3-5 2-4 2-5,matching_seed matching_seed matching_seed greedy_added greedy_added greedy_added,0.999994862678 0.999984257938 0.999981701454 0.999981705337 0.999984261803 0.999994857501,1.02746173202e-05 3.14838764036e-05 3.65967571274e-05 3.65889914571e-05 3.14761468215e-05 1.02849713404e-05,"[4.162241085978589,-0.027895714841762953,-2.53854967305922e-06,2.716051706818377e-08,-0.003324303067543392,0.017411785308706684,-2.7098757655567655e-07,7.679400782815597e-09,0.0013459571362984906,3.142426875434083,-0.001047281814148693,0.4713608047981375,-0.9791409941493733,-0.0003204295508518448,-0.0006641917672833572]","[[0,1],[0,2],[0,3],[0,4],[0,5],[1,2],[1,3],[1,4],[1,5],[2,3],[2,4],[2,5],[3,4],[3,5],[4,5]]",True,0,Optimization terminated successfully.,10,1655,3,"[[0,1],[2,3],[4,5],[3,5],[2,4],[2,5]]","[""matching_seed"",""matching_seed"",""matching_seed"",""greedy_added"",""greedy_added"",""greedy_added""]","[0.9999948628107075,0.9999842625202378,0.9999817062426614,0.9943276720290785,0.9943247338100689,0.9943204376141759]","[1.0274352194361569e-05,3.147471185627193e-05,3.658718001575689e-05,0.011312480637233335,0.011318323733535585,0.011326867342753788]",677.0494263999863
quartet_baseline,ring,lih,1.3777777777777778,-7.859189397713697,-7.876911335490261,-7.876900814917983,6,0.09772125208167826,0.00035374359894202456,0.0583612041729064,0.0034323799524807953,5.95087289928303,5.99982312315761,0.047903262488229216,0.0004901492572190197,0.051553362808410816,0.0005135901580295064,-7.873420601274112,-7.876802617297829,-7.876794002134346,-7.876802617297824,42,1,-7.873420601274115,-7.876802617297824,16,16,False,6,0.9999705205262682,0.9999311492195756,0.00013769682041886444,2 2 2 2 2 2,0-1-2-3-4-5,1,1,5,6,0-1 1-2 2-3 3-4 4-5 0-5,ring ring ring ring ring ring,0.999994862763 0.99993114922 0.999984259908 0.999999970045 0.999981703494 0.999931177727,1.02744468277e-05 0.000137696820419 3.14799356096e-05 5.99092140341e-08 3.659267745e-05 0.000137639809422,"[3.1569871614211586,-0.00024590108686710485,5.801339819633542e-08,-1.523650063567999e-08,-0.0006433485263782437,0.03287891215296385,3.829689314328169e-07,-8.784565248220213e-08,0.0035246436290169436,-3.138345310531018,-0.001413358326296694,0.4713849097682054,-2.433358076009216,-0.0014804174896893322,-0.0005161182301818179]","[[0,1],[0,2],[0,3],[0,4],[0,5],[1,2],[1,3],[1,4],[1,5],[2,3],[2,4],[2,5],[3,4],[3,5],[4,5]]",True,0,Optimization terminated successfully.,15,2587,3,[],[],[],[],581.4459373999853
quartet_baseline,balanced_tree,lih,1.3777777777777778,-7.859189397713697,-7.876911335490261,-7.876900814917983,6,0.0848797435930293,0.0005885144465180847,0.032576846209865895,0.004243333152703425,5.957363187554212,5.999705732665661,0.047903262488229216,0.0004898514661226715,0.051553362808410816,0.0005130283209090177,-7.873420601274112,-7.876802671929399,-7.876794002134346,-7.876802671929413,42,1,-7.873420601274115,-7.876802671929413,16,16,False,6,0.9999509554442773,0.999928165048978,0.00014366474178384436,3 3 2 2 1 1,0-1-2-3-4-5,1,1,5,6,0-1 0-2 1-3 1-4 2-5 0-5,balanced_tree balanced_tree balanced_tree balanced_tree balanced_tree balanced_tree,0.999994862739 0.999931179873 0.999928165049 0.999928165084 0.999994862703 0.999928497217,1.02744949323e-05 0.000137635518143 0.000143664741784 0.00014366467078 1.02745674384e-05 0.00014300045344,"[3.1568147852933626,-0.00024027437553785446,-1.3355216418113074e-08,-1.237966191658184e-08,-0.0006429703159372173,0.03287820676758118,-5.22076146540436e-09,-1.1849235071941689e-08,0.003523490866882582,-3.702209331247832e-05,-5.792957589198245e-05,1.099400962306925,2.2236683979983147,6.10970588734206e-05,5.15691707211766e-06]","[[0,1],[0,2],[0,3],[0,4],[0,5],[1,2],[1,3],[1,4],[1,5],[2,3],[2,4],[2,5],[3,4],[3,5],[4,5]]",True,0,Optimization terminated successfully.,6,1146,3,[],[],[],[],588.0057813000167
quartet_baseline,greedy,lih,1.9555555555555557,-7.835576330467096,-7.864346689861569,-7.86432589047468,6,0.277410752687954,0.0001442252001335742,0.07453499073669329,0.001990531466792145,5.858844126358128,5.999927886839277,0.11710745609875728,0.00015619406813709562,0.13038277794658712,0.00016701136982082048,-7.856865990101573,-7.864306217208371,-7.864035329743903,-7.86430621720836,37,1,-7.856865990101573,-7.8643062172083615,8,8,False,6,0.9999879811398794,0.9999774911311008,4.501723114924694e-05,3 3 2 2 1 1,0-1;2-3-4-5,2,2,4,6,0-1 2-3 4-5 3-4 2-4 2-5,matching_seed matching_seed matching_seed greedy_added greedy_added greedy_added,0.999987653536 0.999987572305 0.999977491131 0.999999980287 0.999987555635 0.999987633945,2.46927756502e-05 2.48552348674e-05 4.50172311492e-05 3.94267392068e-08 2.48885756201e-05 2.47319561074e-05,"[3.742083732743366,-0.03068141205907603,-5.454355072539356e-07,-1.1355310598041685e-07,-0.0062708581030667485,0.04506550881787368,-5.000266197038142e-07,-1.4675793021746648e-07,0.007717839375882117,-3.143228412911621,-0.0046810573111586455,0.5542275840863201,-0.9730091276259712,-0.002534576720142124,-0.0007067389883732938]","[[0,1],[0,2],[0,3],[0,4],[0,5],[1,2],[1,3],[1,4],[1,5],[2,3],[2,4],[2,5],[3,4],[3,5],[4,5]]",True,0,Optimization terminated successfully.,21,3493,3,"[[0,1],[2,3],[4,5],[3,4],[2,4],[2,5]]","[""matching_seed"",""matching_seed"",""matching_seed"",""greedy_added"",""greedy_added"",""greedy_added""]","[0.9999876536671476,0.999999999999263,0.9999876536664145,0.9841285470524211,0.9841285470520725,0.9841231923595604]","[2.4692513272861483e-05,1.4739320874923578e-12,2.469251473902201e-05,0.03149100287649054,0.031491002877176655,0.03150154226002777]",953.8112120000296
quartet_baseline,ring,lih,1.9555555555555557,-7.835576330467096,-7.864346689861569,-7.86432589047468,6,0.2891323986667955,0.0005441666326554406,0.10603365850625315,0.004435346575143956,5.853041761384347,5.99972790367568,0.11767703229744936,0.00068348544876935,0.13090724936929607,0.0007223270049497476,-7.856785996309382,-7.864196645066642,-7.863934315888744,-7.864196645066646,37,1,-7.85678599630939,-7.864196645066647,16,16,False,6,0.9999546506126138,0.9998876397523171,0.00022470787054051922,2 2 2 2 2 2,0-1-2-3-4-5,1,1,5,6,0-1 1-2 2-3 3-4 4-5 0-5,ring ring ring ring ring ring,0.999987653663 0.999887639752 0.999987536364 0.999999757613 0.999977454728 0.999887861554,2.46925206335e-05 0.000224707870541 2.49271156763e-05 4.84774886789e-07 4.50900348407e-05 0.000224264316078,"[4.709340089617543,-0.05450970938166784,-5.592047083963074e-09,-6.211058833978385e-09,-0.009914467605711895,0.0003412917580817764,3.658564239165306e-07,-2.946001717376067e-07,-0.0007784365480326375,-3.127498665330982,0.01006885402834226,0.5540811740888555,2.1252935889676965,-0.008524879421656913,0.0036470414108659937]","[[0,1],[0,2],[0,3],[0,4],[0,5],[1,2],[1,3],[1,4],[1,5],[2,3],[2,4],[2,5],[3,4],[3,5],[4,5]]",True,0,Optimization terminated successfully.,27,4917,3,[],[],[],[],889.1430250999983
quartet_baseline,balanced_tree,lih,1.9555555555555557,-7.835576330467096,-7.864346689861569,-7.86432589047468,6,0.24436267900230402,0.0008789507432170884,0.05888494056667693,0.005758502892198078,5.876116281804261,5.999560502923321,0.11767703229744936,0.0006800428012941171,0.13090724936929607,0.000717309472525012,-7.856785996309382,-7.864197498792019,-7.863934315888744,-7.864197498792022,37,1,-7.85678599630939,-7.864197498792022,16,16,False,6,0.9999267504872202,0.9998881227267908,0.00022374202989405845,3 3 2 2 1 1,0-1-2-3-4-5,1,1,5,6,0-1 0-2 1-3 1-4 2-5 0-5,balanced_tree balanced_tree balanced_tree balanced_tree balanced_tree balanced_tree,0.999987653412 0.999898414013 0.99989932968 0.99989932968 0.999987653412 0.999888122727,2.46930235488e-05 0.000203161654628 0.000201330505799 0.0002013305058 2.46930235475e-05 0.000223742029894,"[-3.1433179656590204,0.00027071669012778635,2.4799452921961503e-09,-1.0598912691113817e-08,-0.0007912303859568771,0.054514008872039166,3.661724310988075e-09,8.88468838179203e-09,0.009907619148607444,-5.255114258713586e-08,-2.7044861697132164e-08,1.0167581714462295,2.4255389701082533,3.160572918647838e-07,-1.3032653290892442e-08]","[[0,1],[0,2],[0,3],[0,4],[0,5],[1,2],[1,3],[1,4],[1,5],[2,3],[2,4],[2,5],[3,4],[3,5],[4,5]]",True,0,Optimization terminated successfully.,5,930,3,[],[],[],[],804.7655737000168
quartet_baseline,greedy,lih,2.533333333333333,-7.766707395102329,-7.8215464188477695,-7.821496814150675,6,1.2556320330060193,0.00027853543557987415,0.27835542523671125,0.002273339904326939,5.328031726479219,5.999860730009899,0.34372861018856343,0.00028705624068924983,0.4134548831007937,0.0003048861956795877,-7.799469322741207,-7.821485605603501,-7.820720848158227,-7.821485605603501,34,1,-7.799469322741221,-7.8214856056035025,8,8,False,6,0.9999767883349833,0.9999586570312261,8.268422830670641e-05,3 3 2 2 1 1,0-1;2-3-4-5,2,2,4,6,0-1 2-3 4-5 3-5 2-5 2-4,matching_seed matching_seed matching_seed greedy_added greedy_added greedy_added,0.999965635868 0.999997527606 0.999963262475 0.999988870895 0.999986776134 0.999958657031,6.8727083177e-05 4.94478166269e-06 7.34736995285e-05 2.22580864325e-05 2.64475564725e-05 8.26842283067e-05,"[3.5519793965050415,-0.04366187020361415,-1.3717982520831737e-07,4.1866545213413343e-08,0.014208341514663464,0.09983974789827892,1.2513901958947268e-07,-4.1824036779260216e-08,-0.028635802493324505,1.5745235771809032,1.1925969923886275,-0.0012388895150603405,-1.6644613783448439,-0.08710276935687246,0.8417757829197369]","[[0,1],[0,2],[0,3],[0,4],[0,5],[1,2],[1,3],[1,4],[1,5],[2,3],[2,4],[2,5],[3,4],[3,5],[4,5]]",True,0,Optimization terminated successfully.,6,982,3,"[[0,1],[2,3],[4,5],[3,5],[2,5],[2,4]]","[""matching_seed"",""matching_seed"",""matching_seed"",""greedy_added"",""greedy_added"",""greedy_added""]","[0.9999656358610469,0.9999999550875361,0.9999655927278279,0.9998897717464452,0.9998897495664241,0.9998597949842598]","[6.872709701211122e-05,8.982492571973921e-08,6.881336048381037e-05,0.00022044435684165364,0.0002204887119937604,0.0002803903740339342]",450.9158787000342
quartet_baseline,ring,lih,2.533333333333333,-7.766707395102329,-7.8215464188477695,-7.821496814150675,6,1.0669445235228836,0.0010632163619693769,0.2787564210250984,0.005269127921618112,5.430861353360421,5.999468356399136,0.344568502663221,0.0011685778655005541,0.414123788099211,0.0012553032479825788,-7.799383807526948,-7.821334544908277,-7.820594196614528,-7.821334544908277,34,1,-7.79938380752694,-7.821334544908277,16,16,False,6,0.99991139273319,0.999808981842353,0.00038199982735742655,2 2 2 2 2 2,0-1-2-3-4-5,1,1,5,6,0-1 1-2 2-3 3-4 4-5 0-5,ring ring ring ring ring ring,0.99996563586 0.999808981842 0.99996148281 0.999961766148 0.99992933591 0.999841153828,6.87270982753e-05 0.000381999827357 7.70328965567e-05 7.64662427309e-05 0.000141323185922 0.000317667111127,"[-1.57456630217625,-0.1089392204994732,-3.697528677819935e-07,-1.5793963586664117e-07,0.031934054415978005,0.0003520966702068226,-6.802471197205203e-07,-1.5269948687924505e-06,0.0014090852188903254,0.4447108162143162,1.0208841095429948,0.40180307670584575,0.19881995144711095,0.21997147364495495,0.596580301598342]","[[0,1],[0,2],[0,3],[0,4],[0,5],[1,2],[1,3],[1,4],[1,5],[2,3],[2,4],[2,5],[3,4],[3,5],[4,5]]",True,0,Optimization terminated successfully.,5,845,3,[],[],[],[],328.62058879999677
quartet_baseline,balanced_tree,lih,2.533333333333333,-7.766707395102329,-7.8215464188477695,-7.821496814150675,6,0.9365386471740849,0.0012341067622839708,0.16344557715641017,0.007518653662098913,5.505453616866987,5.999382907561392,0.344568502663221,0.0009371578447614066,0.414123788099211,0.0010139464839664235,-7.799383807526948,-7.821346954728395,-7.820594196614528,-7.8213469547284,34,1,-7.79938380752694,-7.821346954728399,16,16,False,6,0.9998971512602322,0.9998407739699413,0.0003184267071887348,3 3 2 2 1 1,0-1-2-3-4-5,1,1,5,6,0-1 0-2 1-3 1-4 2-5 0-5,balanced_tree balanced_tree balanced_tree balanced_tree balanced_tree balanced_tree,0.999965635091 0.99984077397 0.999869724791 0.999869952869 0.999965226287 0.999871594554,6.87286376267e-05 0.000318426707189 0.000260533446012 0.000260077350371 6.95462173059e-05 0.00025679440378,"[-0.0037288767508687542,-0.0003491912789543921,1.6807092023715403e-09,2.5416613111644965e-09,-0.0014109161860440301,-0.10894606579947141,-2.1820180234763022e-07,6.696744374599358e-08,0.03192549427023972,-0.06895640969930826,0.02112493453578472,0.7318761274153976,-0.15321954712188304,-0.04344317020152546,0.020977304210889332]","[[0,1],[0,2],[0,3],[0,4],[0,5],[1,2],[1,3],[1,4],[1,5],[2,3],[2,4],[2,5],[3,4],[3,5],[4,5]]",True,0,Optimization terminated successfully.,5,866,3,[],[],[],[],226.99567079998087
quartet_baseline,greedy,lih,3.1111111111111116,-7.698693582110816,-7.795493701951877,-7.795394570617165,6,2.209018330061941,0.0012667922891054229,0.5931974841132528,0.007479976703079365,4.712069839460222,5.999366557104941,0.5903251032331147,0.0011410360739159706,0.7933912529105387,0.0011990582077324508,-7.7384101426767815,-7.795250709422191,-7.795211397676844,-7.795250709422188,45,1,-7.764945788654724,-7.795250709422188,8,8,False,6,0.9998944261841567,0.9997921809733892,0.00041559486447384497,3 3 2 2 1 1,0-1-2-3;4-5,2,2,4,6,0-1 2-3 4-5 0-3 0-2 1-2,matching_seed matching_seed matching_seed greedy_added greedy_added greedy_added,0.999929031817 0.999929031818 0.999999999998 0.999858156248 0.999792180973 0.999858156249,0.000141931329168 0.000141931326875 3.13127301865e-12 0.000283667383898 0.000415594864474 0.000283667381559,"[-1.574028408146171,-0.1495891255912725,6.511595483840786e-07,9.366028289598649e-08,0.0839488005419281,0.0004338316232089982,3.644466923484307e-09,4.203919616408927e-08,0.0025182336369791126,3.141592202724499,5.10613531874079e-08,0.6020025499748456,0.35813823589989163,1.570947723418255,2.2154536981224955]","[[0,1],[0,2],[0,3],[0,4],[0,5],[1,2],[1,3],[1,4],[1,5],[2,3],[2,4],[2,5],[3,4],[3,5],[4,5]]",True,0,Optimization terminated successfully.,5,840,3,"[[0,1],[2,3],[4,5],[0,3],[0,2],[1,2]]","[""matching_seed"",""matching_seed"",""matching_seed"",""greedy_added"",""greedy_added"",""greedy_added""]","[0.999929032910357,0.9999997357117162,0.9999289809737457,0.9763420203165398,0.9763419613459453,0.9762749285435334]","[0.00014192914295829695,5.28576497793587e-07,0.00014203300880644143,0.046756259364217345,0.04675637451515269,0.04688726389731879]",273.61378559999866
quartet_baseline,ring,lih,3.1111111111111116,-7.698693582110816,-7.795493701951877,-7.795394570617165,6,2.081133209311276,0.0008577260999146352,0.5760397550736425,0.005261663884686357,4.8025823205223634,5.999571111980558,0.5903251032331147,0.001154995457247048,0.7933912529105299,0.0012108907365061497,-7.738410142676783,-7.795248846317962,-7.79521139767683,-7.795248846317956,45,1,-7.738410142676775,-7.795248846317957,16,16,False,6,0.9999285186634269,0.9998581565412494,0.00028366679793434546,2 2 2 2 2 2,0-1-2-3-4-5,1,1,5,6,0-1 1-2 2-3 3-4 4-5 0-5,ring ring ring ring ring ring,0.99992903145 0.999858156541 0.99992903145 0.999995336766 1 0.999859555774,0.00014193206396 0.000283666797934 0.000141932063942 9.32644636586e-06 1.7763568394e-14 0.000280868727695,"[-1.5740206329980304,-0.14959518945640496,-5.430705597639534e-08,-1.0327027355856622e-08,0.08395368661227512,0.0004342976026757634,-1.0273191769652813e-09,-1.0392314235496951e-09,0.002519089405212219,-3.141592652777163,-1.7811042014983662e-09,0.6019968850327474,-0.9686087930711663,-1.5707988531658927,1.1285969756021956]","[[0,1],[0,2],[0,3],[0,4],[0,5],[1,2],[1,3],[1,4],[1,5],[2,3],[2,4],[2,5],[3,4],[3,5],[4,5]]",True,0,Optimization terminated successfully.,6,1099,3,[],[],[],[],232.4901645000209
quartet_baseline,balanced_tree,lih,3.1111111111111116,-7.698693582110816,-7.795493701951877,-7.795394570617165,6,1.8346268963239853,0.0015448697096281938,0.36289294312629516,0.009106027137443852,4.969617045749272,5.999227508729395,0.5903251032331147,0.0011550094184610252,0.7933912529105299,0.001210793974599935,-7.738410142676783,-7.795248814654483,-7.79521139767683,-7.795248814654489,45,1,-7.738410142676775,-7.795248814654489,16,16,False,6,0.9998712514548992,0.9997921793968174,0.0004155980169621154,3 3 2 2 1 1,0-1-2-3-4-5,1,1,5,6,0-1 0-2 1-3 1-4 2-5 0-5,balanced_tree balanced_tree balanced_tree balanced_tree balanced_tree balanced_tree,0.999929031333 0.999792179397 0.999859554954 0.999859555493 0.999929030956 0.999858156597,0.00014193229752 0.000415598016962 0.000280870366797 0.000280869289719 0.000141933051994 0.000283666686637,"[-0.0033885166386295146,-0.0004671083530763738,2.647721672830976e-07,-3.911228131416686e-09,-0.00251010469689031,-0.1495926411009603,7.854824908152323e-07,-1.1883045678837192e-07,0.0839493581567981,-0.02867452992182234,0.008277001856352795,0.9685877708610415,-0.16427947157444725,-0.022200221091922177,0.010592057357477563]","[[0,1],[0,2],[0,3],[0,4],[0,5],[1,2],[1,3],[1,4],[1,5],[2,3],[2,4],[2,5],[3,4],[3,5],[4,5]]",True,0,Optimization terquartet_baseline,greedy,lih,3.688888888888889,-7.645969205987809,-7.786174041253657,-7.78604151789954,6,1.5749425026916133,0.001525662152563334,0.4427424995758738,0.00866168695912359,5.124159211716453,5.999237102105431,0.5262871649993139,0.0012089664149894902,0.631305260823618,0.0012527524494960133,-7.733535421378974,-7.785917522062209,-7.785874456374649,-7.7859175220622125,45,1,-7.736408108960953,-7.7859175220622125,8,8,False,6,0.9998728503509051,0.9997764283450834,0.00044709332554826453,3 3 2 2 1 1,0-1-4-5;2-3,2,2,4,6,0-1 2-3 4-5 0-5 0-4 1-4,matching_seed matching_seed matching_seed greedy_added greedy_added greedy_added,0.999907159276 0.999907956805 0.999998705884 0.999777586846 0.999776428345 0.99986926495,0.000185672829204 0.000184077918163 2.58823105959e-06 0.000444776840073 0.000447093325548 0.000261453008514,"[-0.00285226216425485,-0.0011265428860242257,-3.7109645951566635e-10,5.326559578230714e-10,-0.0027181717641217755,-0.12127253691041069,2.7516854381485528e-08,4.9017192759401264e-09,0.11617592888270431,0.2898396999241949,0.0601131188043205,-0.3686522310574045,-0.19877920713817213,-0.088105963392104,-3.3867019128434087e-07]","[[0,1],[0,2],[0,3],[0,4],[0,5],[1,2],[1,3],[1,4],[1,5],[2,3],[2,4],[2,5],[3,4],[3,5],[4,5]]",True,0,Optimization terminated successfully.,5,902,3,"[[0,1],[2,3],[4,5],[0,5],[0,4],[1,4]]","[""matching_seed"",""matching_seed"",""matching_seed"",""greedy_added"",""greedy_added"",""greedy_added""]","[0.9999071597749065,0.9999079433828226,0.9999987216823036,0.967587311136004,0.9675869571088636,0.9674997558443481]","[0.00018567183087958572,0.00018410475993402287,2.556633758588056e-06,0.06377479532859764,0.06377548043281023,0.06394422244112685]",288.77064799994696
quartet_baseline,ring,lih,3.688888888888889,-7.645969205987809,-7.786174041253657,-7.78604151789954,6,1.7752525147333602,0.0012619234354910303,0.5470477538997794,0.00709052384530091,5.005787172871796,5.999368980266462,0.5262871649993139,0.0012090965553734597,0.6313052608236104,0.001252607393196905,-7.733535421378972,-7.785917483736715,-7.785874456374652,-7.785917483736719,45,1,-7.775198530452827,-7.785917483736718,16,16,False,6,0.9998948300444105,0.999777580941124,0.0004447886475141827,2 2 2 2 2 2,0-1-2-3-4-5,1,1,5,6,0-1 1-2 2-3 3-4 4-5 0-5,ring ring ring ring ring ring,0.999777580941 0.999907157806 0.999777586459 0.99999870521 0.999999994476 0.999907955374,0.000444788647514 0.00018567576763 0.000444777615081 2.58957772648e-06 1.10481683802e-08 0.00018408077937,"[-1.5444148750014255,-1.6460716972390705,-1.0996415269324886e-05,-6.467754301862082e-05,2.7662258906726858,1.5419046197048836,2.2179934584886176e-07,2.465735061035832e-06,-0.12492403263397407,5.140643483442847e-07,2.8577266027678454e-07,-0.002942989176169609,6.968100599286322,-4.713331999942935,-0.8813085090141993]","[[0,1],[0,2],[0,3],[0,4],[0,5],[1,2],[1,3],[1,4],[1,5],[2,3],[2,4],[2,5],[3,4],[3,5],[4,5]]",True,0,Optimization terminated successfully.,19,3061,3,[],[],[],[],297.69843390001915
quartet_baseline,balanced_tree,lih,3.688888888888889,-7.645969205987809,-7.786174041253657,-7.78604151789954,6,1.5533476341295378,0.0014166615293603746,0.35796108613116784,0.008256139325680778,5.148687700665768,5.999291614432882,0.5262871649993139,0.0012089675573688811,0.6313052608236104,0.0012526185679140795,-7.733535421378972,-7.785917509386354,-7.785874456374652,-7.785917509386351,45,1,-7.775198530452827,-7.7859175093863495,16,16,False,6,0.9998819357388137,0.9997775872915036,0.00044477594957992306,3 3 2 2 1 1,0-1-2-3-4-5,1,1,5,6,0-1 0-2 1-3 1-4 2-5 0-5,balanced_tree balanced_tree balanced_tree balanced_tree balanced_tree balanced_tree,0.999907157428 0.999869266826 0.999868336063 0.999777587292 0.999999999998 0.999869266827,0.000185676523833 0.00026144925779 0.000263310539409 0.00044477594958 3.89843712867e-12 0.00026144925485,"[-1.5734744213946397,-0.12127925816390783,1.2961566449978466e-08,-5.074592278607263e-09,0.11616809335761252,0.0010975968755468882,3.3041084929771018e-12,-2.7912148000868314e-09,0.0027357502793479527,-1.5551657195633588,1.5437172486561905,0.0010655995366241192,0.015624886253204741,0.3780423088814951,-4.712388583462283]","[[0,1],[0,2],[0,3],[0,4],[0,5],[1,2],[1,3],[1,4],[1,5],[2,3],[2,4],[2,5],[3,4],[3,5],[4,5]]",True,0,Optimization terminated successfully.,5,900,3,[],[],[],[],211.89824720000615
quartet_baseline,greedy,lih,4.266666666666667,-7.610622604991087,-7.783418702210546,-7.783272697880988,6,0.8242234614283983,0.001556883653411778,0.2341209818256641,0.008830930736296101,5.5677453483261115,5.99922148945417,0.3165961811767535,0.0012152642114777908,0.3344159662750947,0.001257521111301905,-7.759997771746383,-7.783160758593041,-7.782496812604198,-7.7831607585930485,30,1,-7.777141674141849,-7.7831607585930485,8,8,False,6,0.9998702482423618,0.9997747720139307,0.00045040524449280195,3 3 2 2 1 1,0-1-4-5;2-3,2,2,4,6,0-1 2-3 4-5 0-5 0-4 1-4,matching_seed matching_seed matching_seed greedy_added greedy_added greedy_added,0.999896928562 0.99989719341 0.999999686847 0.999775066698 0.999774772014 0.999877841924,0.000206132252916 0.000205602610654 6.26305321494e-07 0.000449816009977 0.000450405244493 0.00024430123005,"[-0.002508634694239723,-0.001778718885768715,4.569121773039684e-09,-3.601444449955088e-09,-0.002151726092672038,-0.08131681460220044,-8.574540048437832e-09,2.8506112893304623e-09,0.10527743084873877,3.9528604829056553,-0.2986190509341174,0.14369408612560908,0.27241470372030024,0.15636492723336443,-8.37478650283457e-06]","[[0,1],[0,2],[0,3],[0,4],[0,5],[1,2],[1,3],[1,4],[1,5],[2,3],[2,4],[2,5],[3,4],[3,5],[4,5]]",True,0,Optimization terminated successfully.,4,797,3,"[[0,1],[2,3],[4,5],[0,5],[0,4],[1,4]]","[""matching_seed"",""matching_seed"",""matching_seed"",""greedy_added"",""greedy_added"",""greedy_added""]","[0.9998969291513743,0.9998971940568668,0.9999996868029628,0.7504866780866183,0.7504864713041153,0.7504195160998881]","[0.0002061310736515276,0.00020560131720437358,6.263939762440884e-07,0.43676974601451257,0.4367700563894974,0.43687054985640983]",249.99577640002826
quartet_baseline,ring,lih,4.266666666666667,-7.610622604991087,-7.783418702210546,-7.783272697880988,6,0.9010198029283186,0.0013119904656234693,0.2823146120273145,0.007343778570862146,5.526045339197459,5.99934394357583,0.3165961811767535,0.001215278687861681,0.33441596627509634,0.001257533406193501,-7.759997771746387,-7.783160758304828,-7.782496812604187,-7.783160758304835,30,1,-7.75999790708843,-7.783160758304835,16,16,False,6,0.9998906572626388,0.9997750667047063,0.0004498159956001224,2 2 2 2 2 2,0-1-2-3-4-5,1,1,5,6,0-1 1-2 2-3 3-4 4-5 0-5,ring ring ring ring ring ring,0.999896929234 0.999775066705 0.999897194089 1 0.999999686843 0.999775066705,0.000206130908218 0.000449815995572 0.000205601252725 3.64153152077e-14 6.26313472529e-07 0.0004498159956,"[-0.0025087791955961717,-0.0017788924189312727,6.385555038716039e-08,-2.6654207283698973e-09,-0.0021516993593362673,-0.08130781176330784,-2.820860294977812e-09,4.657350172594728e-09,0.10527927329028186,3.680197590939742e-08,3.909074242532521e-09,-0.2119265355746936,-0.08367524131211998,3.141601504890965,-9.224857589530482e-06]","[[0,1],[0,2],[0,3],[0,4],[0,5],[1,2],[1,3],[1,4],[1,5],[2,3],[2,4],[2,5],[3,4],[3,5],[4,5]]",True,0,Optimization terminated successfully.,4,654,3,[],[],[],[],265.251963799994
quartet_baseline,balanced_tree,lih,4.266666666666667,-7.610622604991087,-7.783418702210546,-7.783272697880988,6,0.8588643546830564,0.0015955441007347027,0.2007583818831956,0.009412534974186915,5.552035943700549,5.99920216961033,0.3165961811767535,0.0012152624960288533,0.33441596627509634,0.0012575154942267876,-7.759997771746387,-7.78316075798752,-7.782496812604187,-7.78316075798752,30,1,-7.75999790708843,-7.783160757987521,16,16,False,6,0.9998670282683886,0.99977506670496,0.0004498159950928615,3 3 2 2 1 1,0-1-2-3-4-5,1,1,5,6,0-1 0-2 1-3 1-4 2-5 0-5,balanced_tree balanced_tree balanced_tree balanced_tree balanced_tree balanced_tree,0.99989692728 0.99987756127 0.999877843537 0.999877843537 0.99989692728 0.999775066705,0.000206134815687 0.000244862468121 0.00024429800308 0.000244298003078 0.000206134815677 0.000449815995093,"[-0.0025088999806438445,-0.0017786915864421557,-1.3099144272203557e-09,2.601549925412412e-08,-0.0021516698013187858,-0.08132292579947852,8.929886658649774e-09,-3.2033710956256537e-08,0.10527501614191287,7.681187855241452e-09,-3.3581954282575705e-09,-0.21192911068605272,5.462413865552764,-1.5328735187680048e-07,-2.3744634139325274e-07]","[[0,1],[0,2],[0,3],[0,4],[0,5],[1,2],[1,3],[1,4],[1,5],[2,3],[2,4],[2,5],[3,4],[3,5],[4,5]]",True,0,Optimization terminated successfully.,7,1190,3,[],[],[],[],214.28594629996223
quartet_baseline,greedy,lih,4.844444444444445,-7.562424836518633,-7.782662812561515,-7.782502795924918,6,0.17378835019023653,0.0009388255455998751,0.03940716843666116,0.005768636969453668,5.912163904070056,5.999530559688885,0.06330089057370059,0.0006308159374432423,0.06591890783546304,0.0006623176273685034,-7.782089859818154,-7.782519407236901,-7.782089859818151,-7.782519407236894,1,1,-7.782091762418297,-7.782519407236894,8,8,False,6,0.9999217599481479,0.9998826231425915,0.00023473993749045796,3 3 2 2 1 1,0-1;2-3-4-5,2,2,4,6,0-1 2-3 4-5 2-4 2-5 3-4,matching_seed matching_seed matching_seed greedy_added greedy_added greedy_added,0.999882623143 0.999882623143 1 0.999882692779 0.999882692779 0.999999927845,0.00023473993749 0.000234739937328 1.61648472385e-13 0.000234600680314 0.000234600680477 1.44309828642e-07,"[1.7072383369422102,-0.05055952629458144,2.061980790614058e-07,1.715718922189473e-08,-0.003128976550788395,-0.0093276475737291,1.7700006623856364e-08,2.6474448609866303e-09,-0.0004251576292175267,-2.5943421453062916e-09,-1.0095593796891212e-09,-0.022361108856875374,-0.26794162683704226,1.5707920976835898,-0.19657452359546382]","[[0,1],[0,2],[0,3],[0,4],[0,5],[1,2],[1,3],[1,4],[1,5],[2,3],[2,4],[2,5],[3,4],[3,5],[4,5]]",True,0,Optimization terminated successfully.,6,1055,3,"[[0,1],[2,3],[4,5],[2,4],[2,5],[3,4]]","[""matching_seed"",""matching_seed"",""matching_seed"",""greedy_added"",""greedy_added"",""greedy_added""]","[0.9998826231426754,0.9998826242090284,0.9999999977196201,0.9999961040673688,0.9999961030272722,0.9998788628435429]","[0.00023473993732259224,0.00023473780486693574,4.560759769844935e-09,7.791850084037932e-06,7.79393026928421e-06,0.00024225963870361245]",256.55691659997683
quartet_baseline,ring,lih,4.844444444444445,-7.562424836518633,-7.782662812561515,-7.782502795924918,6,0.0932716682594118,0.0013709950887532685,0.025325576304988752,0.007668892287502548,5.952891157161244,5.999314437879974,0.06435265263063722,0.001215934017938788,0.06648893206575021,0.0012575046355894524,-7.781976154178545,-7.7824047050763845,-7.781976154178543,-7.782404705076363,1,1,-7.782059082332854,-7.782404705076364,16,16,False,6,0.999885739646663,0.999774597057176,0.00045075507916136903,2 2 2 2 2 2,0-1-2-3-4-5,1,1,5,6,0-1 1-2 2-3 3-4 4-5 0-5,ring ring ring ring ring ring,0.999882623142 0.999774597057 0.99988269278 1 0.999999927844 0.999774597057,0.000234739938691 0.000450755079161 0.00023460067994 8.881784197e-16 1.44311799732e-07 0.00045075507916,"[0.002032091012611843,-0.002474537704156294,-7.384050106739682e-09,8.599109224133178e-10,-2.9662603365721356e-06,0.05135249467209506,1.0701372427765645e-08,1.876626974649473e-09,0.0031571757405492924,-1.79497613438187e-08,-2.6421953845403625e-09,-0.02236132051296073,0.06316469348885073,12.566384342154205,-7.059182987228134e-07]","[[0,1],[0,2],[0,3],[0,4],[0,5],[1,2],[1,3],[1,4],[1,5],[2,3],[2,4],[2,5],[3,4],[3,5],[4,5]]",True,0,Optimization terminated successfully.,5,933,3,[],[],[],[],184.618441300001
quartet_baseline,balanced_tree,lih,4.844444444444445,-7.562424836518633,-7.782662812561515,-7.782502795924918,6,0.21431806052522606,0.0015873365688171548,0.04898619180801818,0.009403611405786737,5.891695220499347,5.99920627396281,0.06435265263063722,0.0012159173817811095,0.06648893206575021,0.0012574889701290747,-7.781976154178545,-7.782404705779925,-7.781976154178543,-7.782404705779934,1,1,-7.782059082332854,-7.782404705779935,16,16,False,6,0.9998677123271351,0.9997745970568098,0.0004507550798935611,3 3 2 2 1 1,0-1-2-3-4-5,1,1,5,6,0-1 0-2 1-3 1-4 2-5 0-5,balanced_tree balanced_tree balanced_tree balanced_tree balanced_tree balanced_tree,0.99989183563 0.999882622124 0.999882691761 0.999882691761 0.99989183563 0.999774597057,0.000216317040129 0.000234741975221 0.000234602716873 0.000234602716745 0.000216317039955 0.000450755079894,"[0.0020320070955620003,-0.0024745579005055075,7.3957498923543566e-09,9.305988037487746e-08,-2.9367751507415734e-06,-1.5193619265457763,-1.5728219160444318e-07,-1.119869333282065e-08,-0.022361040276794104,-5.1655998860775755e-09,-3.7173947060738065e-10,-0.00315825766391662,1.927100768421746,-4.5480828966912995e-07,5.414233855515274e-06]","[[0,1],[0,2],[0,3],[0,4],[0,5],[1,2],[1,3],[1,4],[1,5],[2,3],[2,4],[2,5],[3,4],[3,5],[4,5]]",True,0,Optimization terminated successfully.,4,656,3,[],[],[],[],163.89741999999387
quartet_baseline,greedy,lih,5.4222222222222225,-7.3918335202194205,-7.782472246946058,-7.78240793063753,6,0.14365780160150332,0.003918981336110683,0.01237732440814491,0.009960302701175292,0.004055896136786141,0.0010578727946106703,0.05551294502607502,0.00283817443795848,0.05575512475817444,0.0030312674778003967,-7.781413244752418,-7.782156376726743,-7.782135972737084,-7.78215637672673,5,1,-7.782136452783394,-7.782157099338134,8,8,False,6,0.9996733436777374,0.9994218674340527,0.001155930894630841,3 3 2 2 1 1,0-1-4-5;2-3,2,2,4,6,0-1 2-3 4-5 0-5 0-4 1-5,matching_seed matching_seed matching_seed greedy_added greedy_added greedy_added,-0.999421882362 -0.999421867434 0.999999984306 0.999774499059 0.999774484065 -0.99964734484,0.00115590105604 0.00115593089463 3.1388284194e-08 0.000450951030387 0.000450981012182 0.000705185954591,"[-0.0001140701584578929,-0.0014729662519795987,5.784777679726064e-08,-6.948766859381433e-09,-0.001953580466660834,0.011126263160647744,-3.7353485169617067e-07,-4.460119581239921e-08,-0.001242776564704076,-0.2463065978945817,-0.1350790903287384,0.08294847767774975,-0.4917597357748858,-0.04442306272196253,-2.090855522762173e-06]","[[0,1],[0,2],[0,3],[0,4],[0,5],[1,2],[1,3],[1,4],[1,5],[2,3],[2,4],[2,5],[3,4],[3,5],[4,5]]",True,0,Optimization terminated successfully.,4,737,3,"[[0,1],[2,3],[4,5],[0,5],[0,4],[1,5]]","[""matching_seed"",""matching_seed"",""matching_seed"",""greedy_added"",""greedy_added"",""greedy_added""]","[-0.9994218823556447,-0.9994218679004424,0.9999999846259985,0.9933013248891227,0.993301310375357,-0.9931755343411475]","[0.0011559010687000049,0.0011559299623906671,3.0748002810554453e-08,0.013352477973513466,0.01335250680659883,0.01360235798617615]",228.8348149000085
quartet_baseline,ring,lih,5.4222222222222225,-7.3918335202194205,-7.782472246946058,-7.78240793063753,6,0.14094228137146225,0.001361253230891868,0.011552599481473498,0.0076277254094690395,1.968998417690326,5.999319309346478,0.05551294502607501,0.0012159882933394013,0.05575512475817508,0.0012569818510766142,-7.781413244752416,-7.782214119440622,-7.782135972737081,-7.782214119440628,5,1,-7.782191632984952,-7.782214119440629,16,16,False,6,0.9998865515577462,0.9997744991420521,0.0004509508652589256,2 2 2 2 2 2,0-1-2-3-4-5,1,1,5,6,0-1 1-2 2-3 3-4 4-5 0-5,ring ring ring ring ring ring,0.999885155689 0.999774499167 0.999885171094 0.999999999975 0.999999984279 0.999774499142,0.000229675432971 0.000450950814541 0.000229644625687 5.07434094743e-11 3.14416908065e-08 0.000450950865259,"[-0.0001047837462095155,-0.0014728510094784283,2.447185437583772e-06,-5.727331128825551e-07,-0.0019529914649594443,-2.3471428968896237,-3.472367759142781e-08,-8.897953556157713e-09,0.06586866827223728,-5.5751040604485505e-09,-1.4185618741660668e-08,-0.06424874654005792,-1.1425236034417712,3.141537837870656,-0.0006353945945999899]","[[0,1],[0,2],[0,3],[0,4],[0,5],[1,2],[1,3],[1,4],[1,5],[2,3],[2,4],[2,5],[3,4],[3,5],[4,5]]",True,0,Optimization terminated successfully.,5,865,3,[],[],[],[],167.65888910001377
quartet_baseline,balanced_tree,lih,5.4222222222222225,-7.3918335202194205,-7.782472246946058,-7.78240793063753,6,0.08179610404420745,0.001582642172439197,0.010236106954344763,0.009410370870420952,-3.99295776761527,5.999208621456383,0.05551294502607501,0.0012159711162826434,0.05575512475817508,0.0012569677190242625,-7.781413244752416,-7.7822141204438156,-7.782135972737081,-7.782214120443809,5,1,-7.782191632984952,-7.782214120443808,16,16,False,6,0.9998681035760638,0.9997744991748851,0.00045095079960755236,3 3 2 2 1 1,0-1-2-3-4-5,1,1,5,6,0-1 0-2 1-3 1-4 2-5 0-5,balanced_tree balanced_tree balanced_tree balanced_tree balanced_tree balanced_tree,0.999889313705 0.999885154703 0.999885170084 0.999885170084 0.999889313705 0.999774499175,0.00022136033828 0.000229677404119 0.000229646646076 0.000229646646077 0.000221360338279 0.000450950799608,"[-0.00010674497823233049,-0.0014726099124411586,-2.8822396379329172e-09,3.1224875470107137e-09,-0.0019527831099443338,-0.772100518013392,1.2558750991363305e-09,1.239128063522961e-09,0.06410854292661565,-2.3945758630152904e-09,-2.485412123449491e-09,0.06600515543120045,2.5064629510467746,-1.5330645071016897e-05,5.354180494475814e-06]","[[0,1],[0,2],[0,3],[0,4],[0,5],[1,2],[1,3],[1,4],[1,5],[2,3],[2,4],[2,5],[3,4],[3,5],[4,5]]",True,0,Optimization terminated successfully.,6,1078,3,[],[],[],[],181.0591432999936
quartet_baseline,greedy,lih,6.0,-7.3822567733800115,-7.782428950565256,-7.782365381403969,6,0.0754864894966163,0.0018580087512726218,0.008647843899417485,0.007273921037288708,-1.9987413250754802,-1.9995219326572373,0.031502101456942835,0.0014965451252059291,0.031623725466253305,0.001569210478653416,-7.781747183362382,-7.782160293339832,-7.78174718336239,-7.782160293339835,1,1,-7.78174718360014,-7.782160412799991,8,8,False,6,0.9998451471476054,0.9997113430715848,0.0005772305340080441,3 3 2 2 1 1,0-1-4-5;2-3,2,2,4,6,0-1 2-3 4-5 1-5 1-4 0-5,matching_seed matching_seed matching_seed greedy_added greedy_added greedy_added,-0.999711346069 -0.999711343072 0.999999996856 -0.999936860884 -0.999936857746 0.999774478258,0.000577224540261 0.000577230534008 6.28718943574e-09 0.000126274244774 0.00012628052068 0.00045099262436,"[-6.30517140325236e-05,-0.003307677075343967,6.526345038841982e-09,-2.5304128935638907e-09,-0.002223580263740659,0.004861957643397873,-1.5781446481131738e-08,3.7852244818442434e-09,0.0010152717430699262,-0.24488112210694843,-0.1315150843162384,0.057267911466583755,-0.48326096789405576,-0.044501488756541155,3.1416938277207804]","[[0,1],[0,2],[0,3],[0,4],[0,5],[1,2],[1,3],[1,4],[1,5],[2,3],[2,4],[2,5],[3,4],[3,5],[4,5]]",True,0,Optimization terminated successfully.,4,764,3,"[[0,1],[2,3],[4,5],[1,5],[1,4],[0,5]]","[""matching_seed"",""matching_seed"",""matching_seed"",""greedy_added"",""greedy_added"",""greedy_added""]","[-0.9997113458340556,-0.99971134301999,0.9999999970074309,-0.860839666251975,-0.8608396639444815,0.860777901394322]","[0.0005772250106612642,0.0005772306371679692,5.985138162856174e-09,0.25895506900718823,0.25895507297995213,0.25906140447118686]",226.00351069995668
quartet_baseline,ring,lih,6.0,-7.3822567733800115,-7.782428950565256,-7.782365381403969,6,0.07495864205947844,0.0011545459801981517,0.010765130183028361,0.004832898856590707,1.982435340877009,1.9996752287073187,0.031502101456942835,0.0014965450938066898,0.031623725466248705,0.001569208724363754,-7.781747183362384,-7.782160293650387,-7.781747183362382,-7.782160293650384,1,1,-7.781747183365221,-7.782160428079291,16,16,False,6,0.999903778693772,0.9997744752884514,0.0004509985617016099,2 2 2 2 2 2,0-1-2-3-4-5,1,1,5,6,0-1 1-2 2-3 3-4 4-5 0-5,ring ring ring ring ring ring,-0.999936860864 0.999774478292 -0.999936860864 0.999999996854 1 0.999774475288,0.000126274285794 0.000450992555677 0.000126274285791 6.29123109164e-09 3.5527136788e-15 0.000450998561702,"[-6.154031653090576e-05,-0.0033076571119922196,-2.0655784158363166e-08,2.8802943028445777e-09,-0.0022235440961573347,-1.56600288232626,9.969699521301804e-10,1.770876960520561e-10,0.06725063218194294,1.9758226167666883e-10,2.1197983480342975e-10,-0.0010175724857637344,-0.4312903408695214,4.712544053521019,0.5366010538797834]","[[0,1],[0,2],[0,3],[0,4],[0,5],[1,2],[1,3],[1,4],[1,5],[2,3],[2,4],[2,5],[3,4],[3,5],[4,5]]",True,0,Optimization terminated successfully.,5,1053,3,[],[],[],[],174.91583070001798
quartet_baseline,balanced_tree,lih,6.0,-7.3822567733800115,-7.782428950565256,-7.782365381403969,6,0.040048764715707064,0.0015803205230333628,0.008562472700071828,0.009425257873222561,-3.9984482861959076,5.999209782418462,0.031502101456942835,0.0012159682612598102,0.031623725466248705,0.001256576941708683,-7.781747183362384,-7.782170821496757,-7.781747183362382,-7.78217082149675,1,1,-7.781747183365221,-7.782170821496751,16,16,False,6,0.9998682970697436,0.9997744783330631,0.000450992473851497,3 3 2 2 1 1,0-1-2-3-4-5,1,1,5,6,0-1 0-2 1-3 1-4 2-5 0-5,balanced_tree balanced_tree balanced_tree balanced_tree balanced_tree balanced_tree,0.999888118242 0.999886353817 0.999886356892 0.999886356892 0.999888118242 0.999774478333,0.000223750998041 0.000227279449771 0.000227273301666 0.000227273301665 0.000223750998039 0.000450992473851,"[-5.700397522130075e-05,-0.0033076138955482857,-5.959146573646083e-10,1.2455797725380958e-08,-0.0022233889996341656,-0.7794419532247906,5.480990033516046e-10,-9.457590918335518e-09,0.04825425548785184,-5.905216097687663e-10,-4.797331631033136e-10,0.04687120157242011,-1.3679700074793213,7.434134031166981e-05,-3.682290564189757e-05]","[[0,1],[0,2],[0,3],[0,4],[0,5],[1,2],[1,3],[1,4],[1,5],[2,3],[2,4],[2,5],[3,4],[3,5],[4,5]]",True,0,Optimization terminated successfully.,5,845,3,[],[],[],[],148.1869553999859
45585342855e-07,-0.000270762047625878,0.04821321264309676,-3.6917478702556082e-06,5.116750658467938e-06,0.0468680946188406,-1.2510055009623646,-0.07965268172227848,-0.24250287371267343]","[[0,1],[0,2],[0,3],[0,4],[0,5],[1,2],[1,3],[1,4],[1,5],[2,3],[2,4],[2,5],[3,4],[3,5],[4,5]]",False,1,Maximum number of function evaluations has been exceeded.,3,500,3,[],[],[],[],128.52272539999103
