Workflow,Baseline,Molecule,Geometry_Param,E_HF,E_FCI,E_CISD,n_spatial,V_Identity,V_Optimized,Sum_CommSq_Identity,Sum_CommSq_Optimized,Sum_Sexp_Identity,Sum_Sexp_Optimized,Coarse_Entropy_Identity,Coarse_Entropy_Optimized,Fine_Entropy_Identity,Fine_Entropy_Optimized,Edec_Identity,Edec_Optimized,Ecoupled_Identity,Ecoupled_Optimized,Kcoupled_Identity,Kcoupled_Optimized,EBO_Identity,EBO_Optimized,NumSectors_Identity,NumSectors_Optimized,DenseDiagnosticsSkipped,Edge_Count,Mean_Abs_Expectation,Min_Abs_Expectation,Max_Variance,Degree_Sequence,Components,Component_Count,Cycle_Count,Algebraic_Rank,Vertices_Involved,Edges,Sources,Expectations,Variances,Thetas_JSON,Rotation_Pairs_JSON,Optimizer_Success,Optimizer_Status,Optimizer_Message,Optimizer_Nit,Optimizer_Nfev,N_Restarts,Initial_Frame_Edges_JSON,Initial_Frame_Sources_JSON,Initial_Frame_Expectations_JSON,Initial_Frame_Variances_JSON,Elapsed_Seconds,Build_Seconds,Operator_Count,Sum_CommSq_Action,Sum_Expectation_Action,Sum_Variance_Action,Coarse_Entropy_Action,NumSectors_Action,Expectations_Action_JSON,Variances_Action_JSON,CommSq_Action_JSON
quartet_baseline,greedy,n2,1.2,-107.48778392804634,-107.67733974921585,-107.65830890719903,10,0.6901544463785992,0.45440048045126336,nan,nan,nan,nan,nan,nan,nan,nan,nan,nan,nan,nan,0,0,nan,nan,0,0,True,10,0.9766156064795946,0.9242918840396132,0.14568451309850228,3 3 3 3 2 2 1 1 1 1,0-1-2-3-4-5-8-9;6-7,2,2,8,10,0-1 2-3 4-5 6-7 8-9 1-3 0-4 1-4 0-3 2-9,matching_seed matching_seed matching_seed matching_seed matching_seed greedy_added greedy_added greedy_added greedy_added greedy_added,0.999961709842 0.962381307156 0.92429188404 0.978496907608 0.925459256121 0.995460446016 0.995456397749 0.995459315875 0.995456935851 0.993731904537,7.6578850683e-05 0.0738222196365 0.145684513099 0.0425438018006 0.14352516526 0.00905850041728 0.00906656017984 0.00906075043728 0.00906548886539 0.0124969019048,"[0.49869013570386306,0.015601786398249691,0.012053957228066292,0.008757576051652187,-1.2211330891671021e-09,-4.273139936098319e-10,4.544142345144354e-11,4.257386943704376e-11,0.00010432117620587451,0.01563182711381634,-0.012035116545405334,0.008773592828059533,-1.1705157545519655e-09,-4.2536951248296013e-10,-2.1207242279394883e-10,4.022628887622108e-11,-0.00010416717599364412,-8.83964477482993e-06,0.7118174155546755,-2.8385476985056874e-09,1.6746500302725394e-08,-2.793840331605466e-10,-2.4081198807896783e-10,-7.687883741082011e-08,0.7854956536410126,6.2243438995473416e-09,4.5580843853311264e-08,-3.935782253517736e-09,-1.753072566732724e-09,-0.008602495589336482,-1.0065071714926606e-08,-4.776976868698665e-10,-3.1966627043291267e-09,-1.0894369109176338e-09,-0.008603936000304487,0.6031350191991344,-1.188612637964577e-09,-2.5560794659507164e-09,-7.775096250039807e-10,-3.466723055457506e-10,-1.174275301915188e-10,-1.2609330749125886e-09,0.625175769264438,7.331191545892942e-11,-5.348878676520833e-09]","[[0,1],[0,2],[0,3],[0,4],[0,5],[0,6],[0,7],[0,8],[0,9],[1,2],[1,3],[1,4],[1,5],[1,6],[1,7],[1,8],[1,9],[2,3],[2,4],[2,5],[2,6],[2,7],[2,8],[2,9],[3,4],[3,5],[3,6],[3,7],[3,8],[3,9],[4,5],[4,6],[4,7],[4,8],[4,9],[5,6],[5,7],[5,8],[5,9],[6,7],[6,8],[6,9],[7,8],[7,9],[8,9]]",False,1,Maximum number of function evaluations has been exceeded.,0,20,1,"[[0,1],[2,3],[4,5],[6,7],[8,9],[1,3],[0,4],[1,4],[0,3],[2,9]]","[""matching_seed"",""matching_seed"",""matching_seed"",""matching_seed"",""matching_seed"",""greedy_added"",""greedy_added"",""greedy_added"",""greedy_added"",""greedy_added""]","[0.9999575949179879,0.9623861960216774,0.9242938576717714,0.9784969076084944,0.9254592587653518,0.9954653479048208,0.9954524571297532,0.9954523394877839,0.9954467382358072,0.9937240110838927]","[8.480836583335538e-05,0.0738128097069255,0.14568086467023522,0.04254380180061357,0.14352516036548557,0.009048741120734172,0.00907440559433692,0.009074639808297813,0.009085791335692317,0.012512589795339424]",172.93135440000333,1.7625103000318632,10,1.5646922732699344,9.766156064795949,0.45440048045126247,0.3005830297993951,128,"[0.9999617098415908,0.9623813071561143,0.9242918840396136,0.978496907608495,0.9254592561207806,0.9954604460161741,0.9954563977493754,0.9954593158752015,0.9954569358513775,0.9937319045372257]","[7.657885068301784e-05,0.07382221963648972,0.1456845130985024,0.042543801800613346,0.1435251652603723,0.009058500417280624,0.00906656017983809,0.00906075043727661,0.009065488865387383,0.012496901904819002]","[0.019748862657691574,0.38642074881317684,0.446975350149702,0.06087504112470085,0.4246005870166727,0.03732307703658472,0.04036724367481625,0.04163324601685344,0.04367338192974556,0.06307473484999045]"
quartet_baseline,ring,n2,1.2,-107.48778392804634,-107.67733974921585,-107.65830890719903,10,0.8319511412163294,0.7160207264233805,nan,nan,nan,nan,nan,nan,nan,nan,nan,nan,nan,nan,0,0,nan,nan,0,0,True,10,0.9632493243585303,0.9242749351279507,0.14571584429422257,2 2 2 2 2 2 2 2 2 2,0-1-2-3-4-5-6-7-8-9,1,1,9,10,0-1 1-2 2-3 3-4 4-5 5-6 6-7 7-8 8-9 0-9,ring ring ring ring ring ring ring ring ring ring,0.999961728088 0.966197603384 0.96238232238 0.993732341268 0.924274935128 0.9603584189 0.978496907608 0.9603584189 0.925459289836 0.961271278094,7.65423600183e-05 0.0664621912152 0.0738202655714 0.0124960339185 0.145715844294 0.0777117072473 0.0425438018006 0.0777117072473 0.143525102857 0.0759575299118,"[-2.9719854778759753,0.015601786398249691,0.012053957228066292,0.008757576051652187,-1.2211330891671021e-09,-4.273139936098319e-10,4.544142345144354e-11,4.257386943704376e-11,0.00010432117620587451,0.01563182711381634,-0.012035116545405334,0.008773592828059533,-1.1705157545519655e-09,-4.2536951248296013e-10,-2.1207242279394883e-10,4.022628887622108e-11,-0.00010416717599364412,-8.83964477482993e-06,0.7118174155546755,-2.8385476985056874e-09,1.6746500302725394e-08,-2.793840331605466e-10,-2.4081198807896783e-10,-7.687883741082011e-08,0.7854956536410126,6.2243438995473416e-09,4.5580843853311264e-08,-3.935782253517736e-09,-1.753072566732724e-09,-0.008602495589336482,-1.0065071714926606e-08,-4.776976868698665e-10,-3.1966627043291267e-09,-1.0894369109176338e-09,-0.008603936000304487,0.6031350191991344,-1.188612637964577e-09,-2.5560794659507164e-09,-7.775096250039807e-10,-3.466723055457506e-10,-1.174275301915188e-10,-1.2609330749125886e-09,0.625175769264438,7.331191545892942e-11,-5.348878676520833e-09]","[[0,1],[0,2],[0,3],[0,4],[0,5],[0,6],[0,7],[0,8],[0,9],[1,2],[1,3],[1,4],[1,5],[1,6],[1,7],[1,8],[1,9],[2,3],[2,4],[2,5],[2,6],[2,7],[2,8],[2,9],[3,4],[3,5],[3,6],[3,7],[3,8],[3,9],[4,5],[4,6],[4,7],[4,8],[4,9],[5,6],[5,7],[5,8],[5,9],[6,7],[6,8],[6,9],[7,8],[7,9],[8,9]]",False,1,Maximum number of function evaluations has been exceeded.,0,20,1,[],[],[],[],51.96052830002736,1.8499021000461653,10,2.9386151266542617,9.632493243585325,0.7160207264233608,0.30651623317076904,256,"[0.9999617280876236,0.9661976033838808,0.9623823223795099,0.9937323412677703,0.9242749351279529,0.9603584189003248,0.9784969076084965,0.960358418900325,0.9254592898355674,0.9612712780938739]","[7.654236001586323e-05,0.06646219121524732,0.0738202655714234,0.012496033918478089,0.1457158442942209,0.07771170724727072,0.0425438018006119,0.07771170724727028,0.14352510285704978,0.07595752991177251]","[0.019972772766364714,0.3841842614838511,0.38126334258902794,0.06724783422249576,0.45646742657051254,0.38576864187555626,0.060875041124700185,0.3857686418755549,0.4245936908083859,0.37247347333781244]"
quartet_baseline,balanced_tree,n2,1.2,-107.48778392804634,-107.67733974921585,-107.65830890719903,10,0.789218103148287,0.8141728035604137,nan,nan,nan,nan,nan,nan,nan,nan,nan,nan,nan,nan,0,0,nan,nan,0,0,True,10,0.9579522642049241,0.924282848665289,0.1457012156631785,3 3 3 3 2 2 1 1 1 1,0-1-2-3-4-5-6-7-8-9,1,1,9,10,0-1 0-2 1-3 1-4 2-5 2-6 3-7 3-8 4-9 0-9,balanced_tree balanced_tree balanced_tree balanced_tree balanced_tree balanced_tree balanced_tree balanced_tree balanced_tree balanced_tree,0.999956619577 0.966207921666 0.995465910251 0.99545106277 0.925105302284 0.925105302284 0.924282848666 0.924282848665 0.962389276258 0.961275549628,8.6758964011e-05 0.0664422521108 0.0090476215272 0.00907718163058 0.144180179686 0.144180179686 0.145701215662 0.145701215663 0.0738068809444 0.0759493176867,"[0.12489175731805202,0.028259171421588798,0.012053957228066292,0.008757576051652187,-1.2211330891671021e-09,-4.273139936098319e-10,4.544142345144354e-11,4.257386943704376e-11,0.00010432117620587451,0.01563182711381634,-0.012035116545405334,0.008773592828059533,-1.1705157545519655e-09,-4.2536951248296013e-10,-2.1207242279394883e-10,4.022628887622108e-11,-0.00010416717599364412,-8.83964477482993e-06,0.7118174155546755,-2.8385476985056874e-09,1.6746500302725394e-08,-2.793840331605466e-10,-2.4081198807896783e-10,-7.687883741082011e-08,0.7854956536410126,6.2243438995473416e-09,4.5580843853311264e-08,-3.935782253517736e-09,-1.753072566732724e-09,-0.008602495589336482,-1.0065071714926606e-08,-4.776976868698665e-10,-3.1966627043291267e-09,-1.0894369109176338e-09,-0.008603936000304487,0.6031350191991344,-1.188612637964577e-09,-2.5560794659507164e-09,-7.775096250039807e-10,-3.466723055457506e-10,-1.174275301915188e-10,-1.2609330749125886e-09,0.625175769264438,7.331191545892942e-11,-5.348878676520833e-09]","[[0,1],[0,2],[0,3],[0,4],[0,5],[0,6],[0,7],[0,8],[0,9],[1,2],[1,3],[1,4],[1,5],[1,6],[1,7],[1,8],[1,9],[2,3],[2,4],[2,5],[2,6],[2,7],[2,8],[2,9],[3,4],[3,5],[3,6],[3,7],[3,8],[3,9],[4,5],[4,6],[4,7],[4,8],[4,9],[5,6],[5,7],[5,8],[5,9],[6,7],[6,8],[6,9],[7,8],[7,9],[8,9]]",False,1,Maximum number of function evaluations has been exceeded.,0,20,1,[],[],[],[],82.24193720007315,2.6806104999268427,10,3.0800798242587373,9.579522642049254,0.8141728035604059,0.30653513064524285,256,"[0.9999566195770652,0.9662079216655173,0.9954659102514752,0.99545106276975,0.9251053022841781,0.9251053022841803,0.9242828486658619,0.9242828486652901,0.9623892762575978,0.9612755496283376]","[8.675896400989203e-05,0.06644225211080301,0.009047621527203176,0.00907718163057647,0.14418017968570085,0.14418017968569674,0.1457012156621208,0.14570121566317784,0.07380688094437837,0.07594931768673874]","[0.022540117286537983,0.3833723957156585,0.03388167246630518,0.04498639704587128,0.46802995240152584,0.46802995240310913,0.4531071438734404,0.45310714382139133,0.3828966286712244,0.37012842057367284]"
quartet_baseline,greedy,n2,1.4,-107.3578154452912,-107.62317417809541,-107.58327377721953,10,1.1765512065394144,0.966834142348921,nan,nan,nan,nan,nan,nan,nan,nan,nan,nan,nan,nan,0,0,nan,nan,0,0,True,10,0.9481912635215053,0.8094956147622161,0.3447168496807418,4 4 3 3 1 1 1 1 1 1,0-1-2-3-4-5;6-7;8-9,3,3,7,10,0-1 2-3 4-5 6-7 8-9 1-3 0-3 0-4 1-4 3-4,matching_seed matching_seed matching_seed matching_seed matching_seed greedy_added greedy_added greedy_added greedy_added greedy_added,0.999996206755 0.935545566971 0.879424324551 0.809495614762 0.880638315764 0.995593665656 0.995592616999 0.995592163238 0.995590879297 0.994443281222,7.58647616972e-06 0.12475449212 0.226612857387 0.344716849681 0.224476156809 0.00879325290577 0.0087953409767 0.0087962444999 0.00879880106081 0.0110825604327,"[0.8042637064424568,-0.01474651748728237,-0.011841837536646652,-0.0071998306501567825,-2.0375481248999238e-08,-4.6238679801095044e-10,-1.9165724258993725e-09,-1.9139512075792975e-09,-0.00020497004851920275,0.01755150511960602,-0.01187108115493274,0.007178326059499953,-2.535362843024099e-10,-5.116858669787739e-10,-1.6939774578185711e-09,-1.2824449957669573e-10,-0.00020547290587813092,2.806702816051247e-05,1.007974697634203,-2.2690231524217133e-10,-8.730877464306694e-10,-4.5088903220741356e-10,-7.53956168314986e-10,2.867202049324068e-07,0.7853471533811823,5.5514591919074604e-12,5.053845473867926e-09,-1.2546107639010015e-09,-2.1455970589747316e-11,-0.01239059159946643,-9.69153539289949e-09,5.0662160682711123e-11,-1.140185311174633e-09,-1.2156721219598605e-09,-0.012387809907128422,0.17587948039530035,-1.0213752691994052e-09,7.948079716805084e-11,4.941096464430662e-10,-5.480448283116357e-11,-1.0492162877136538e-09,-6.151184513957247e-10,0.17842022345732653,-7.8109245712973e-09,6.60269965852171e-10]","[[0,1],[0,2],[0,3],[0,4],[0,5],[0,6],[0,7],[0,8],[0,9],[1,2],[1,3],[1,4],[1,5],[1,6],[1,7],[1,8],[1,9],[2,3],[2,4],[2,5],[2,6],[2,7],[2,8],[2,9],[3,4],[3,5],[3,6],[3,7],[3,8],[3,9],[4,5],[4,6],[4,7],[4,8],[4,9],[5,6],[5,7],[5,8],[5,9],[6,7],[6,8],[6,9],[7,8],[7,9],[8,9]]",False,1,Maximum number of function evaluations has been exceeded.,0,20,1,"[[0,1],[2,3],[4,5],[6,7],[8,9],[1,3],[0,3],[0,4],[1,4],[3,4]]","[""matching_seed"",""matching_seed"",""matching_seed"",""matching_seed"",""matching_seed"",""greedy_added"",""greedy_added"",""greedy_added"",""greedy_added"",""greedy_added""]","[0.9999956239833067,0.9355465867007832,0.8794245522108788,0.8094956147622163,0.8806383157641591,0.9955933999598232,0.9955917361506857,0.9955914251507596,0.9955907774294103,0.9944426021791068]","[8.752014237112249e-06,0.124752584112514,0.22661245696869536,0.34471684968074146,0.2244761568080652,0.00879378195643954,0.008797094908463365,0.008797714166279391,0.008799003897502433,0.011083910971246613]",166.28462839999702,2.0769606000976637,10,1.851758496793644,9.481912635215057,0.9668341423489177,0.5619325488286605,64,"[0.9999962067547213,0.935545566971364,0.8794243245513674,0.8094956147622167,0.8806383157639096,0.9955936656559397,0.9955926169991909,0.9955921632375864,0.9955908792969107,0.9944432812218524]","[7.586476169496592e-06,0.12475449212022993,0.22661285738737202,0.3447168496807418,0.22447615680850552,0.008793252905769933,0.008795340976703314,0.008796244499904016,0.008798801060805106,0.011082560432716604]","[0.0019719138419220525,0.371794805130258,0.4172871876134094,0.5337026788717765,0.40630008042981597,0.022027955281109086,0.0225583509501506,0.021910769503633257,0.02259463317970162,0.03161012199186753]"
quartet_baseline,ring,n2,1.4,-107.3578154452912,-107.62317417809541,-107.58327377721953,10,1.3749139755652457,1.4287943955686693,nan,nan,nan,nan,nan,nan,nan,nan,nan,nan,nan,nan,0,0,nan,nan,0,0,True,10,0.9242720692311266,0.8094956147622162,0.3447168496807417,2 2 2 2 2 2 2 2 2 2,0-1-2-3-4-5-6-7-8-9,1,1,9,10,0-1 1-2 2-3 3-4 4-5 5-6 6-7 7-8 8-9 0-9,ring ring ring ring ring ring ring ring ring ring,0.99999308551 0.938799926695 0.935548212994 0.994441434463 0.879424609146 0.934507771236 0.809495614762 0.934507771236 0.880638315764 0.935363950504,1.38289317335e-05 0.118654697637 0.124749541163 0.0110862334227 0.226612356828 0.1266952255 0.344716849681 0.1266952255 0.224476156808 0.125094280097,"[0.8383561305769313,-0.025848109358804522,-0.011841837536646652,-0.0071998306501567825,-2.0375481248999238e-08,-4.6238679801095044e-10,-1.9165724258993725e-09,-1.9139512075792975e-09,-0.00020497004851920275,0.01755150511960602,-0.01187108115493274,0.007178326059499953,-2.535362843024099e-10,-5.116858669787739e-10,-1.6939774578185711e-09,-1.2824449957669573e-10,-0.00020547290587813092,2.806702816051247e-05,1.007974697634203,-2.2690231524217133e-10,-8.730877464306694e-10,-4.5088903220741356e-10,-7.53956168314986e-10,2.867202049324068e-07,0.7853471533811823,5.5514591919074604e-12,5.053845473867926e-09,-1.2546107639010015e-09,-2.1455970589747316e-11,-0.01239059159946643,-9.69153539289949e-09,5.0662160682711123e-11,-1.140185311174633e-09,-1.2156721219598605e-09,-0.012387809907128422,0.17587948039530035,-1.0213752691994052e-09,7.948079716805084e-11,4.941096464430662e-10,-5.480448283116357e-11,-1.0492162877136538e-09,-6.151184513957247e-10,0.17842022345732653,-7.8109245712973e-09,6.60269965852171e-10]","[[0,1],[0,2],[0,3],[0,4],[0,5],[0,6],[0,7],[0,8],[0,9],[1,2],[1,3],[1,4],[1,5],[1,6],[1,7],[1,8],[1,9],[2,3],[2,4],[2,5],[2,6],[2,7],[2,8],[2,9],[3,4],[3,5],[3,6],[3,7],[3,8],[3,9],[4,5],[4,6],[4,7],[4,8],[4,9],[5,6],[5,7],[5,8],[5,9],[6,7],[6,8],[6,9],[7,8],[7,9],[8,9]]",False,1,Maximum number of function evaluations has been exceeded.,0,20,1,[],[],[],[],125.3702930000145,2.206402700045146,10,3.255413627527493,9.242720692311266,1.4287943955686737,0.5681868225203985,256,"[0.9999930855102281,0.9387999266953119,0.935548212994321,0.9944414344632119,0.8794246091460858,0.9345077712356812,0.8094956147622162,0.9345077712356813,0.8806383157643212,0.9353639505042081]","[1.382893173396127e-05,0.11865469763687753,0.12474954116313297,0.011086233422749947,0.22661235682825476,0.12669522550012025,0.3447168496807421,0.12669522550012002,0.2244761568077802,0.12509428009716184]","[0.0035619294343556237,0.369887844915289,0.3746407425889562,0.03299635199303485,0.4182420785020995,0.3768043460240026,0.5337026788717704,0.3768043460239474,0.4063000802069007,0.36247322896713663]"
quartet_baseline,balanced_tree,n2,1.4,-107.3578154452912,-107.62317417809541,-107.58327377721953,10,1.2391471748235192,1.2902177699222457,nan,nan,nan,nan,nan,nan,nan,nan,nan,nan,nan,nan,0,0,nan,nan,0,0,True,10,0.9319915881984343,0.8794246738266313,0.22661224306492322,3 3 3 3 2 2 1 1 1 1,0-1-2-3-4-5-6-7-8-9,1,1,9,10,0-1 0-2 1-3 1-4 2-5 2-6 3-7 3-8 4-9 0-9,balanced_tree balanced_tree balanced_tree balanced_tree balanced_tree balanced_tree balanced_tree balanced_tree balanced_tree balanced_tree,0.999995972227 0.938797298699 0.995593612153 0.995590819757 0.880090352503 0.880090352503 0.879424673827 0.879424673827 0.935545521969 0.935362604519,8.05552896599e-06 0.118659631955 0.00879335944018 0.00879891961592 0.225440971431 0.225440971431 0.226612243065 0.226612243065 0.124754576323 0.125096798068,"[0.8437619495253623,-0.017596861065601762,-0.011841837536646652,-0.0071998306501567825,-2.0375481248999238e-08,-4.6238679801095044e-10,-1.9165724258993725e-09,-1.9139512075792975e-09,-0.00020497004851920275,0.01755150511960602,-0.01187108115493274,0.007178326059499953,-2.535362843024099e-10,-5.116858669787739e-10,-1.6939774578185711e-09,-1.2824449957669573e-10,-0.00020547290587813092,2.806702816051247e-05,1.007974697634203,-2.2690231524217133e-10,-8.730877464306694e-10,-4.5088903220741356e-10,-7.53956168314986e-10,2.867202049324068e-07,0.7853471533811823,5.5514591919074604e-12,5.053845473867926e-09,-1.2546107639010015e-09,-2.1455970589747316e-11,-0.01239059159946643,-9.69153539289949e-09,5.0662160682711123e-11,-1.140185311174633e-09,-1.2156721219598605e-09,-0.012387809907128422,0.17587948039530035,-1.0213752691994052e-09,7.948079716805084e-11,4.941096464430662e-10,-5.480448283116357e-11,-1.0492162877136538e-09,-6.151184513957247e-10,0.17842022345732653,-7.8109245712973e-09,6.60269965852171e-10]","[[0,1],[0,2],[0,3],[0,4],[0,5],[0,6],[0,7],[0,8],[0,9],[1,2],[1,3],[1,4],[1,5],[1,6],[1,7],[1,8],[1,9],[2,3],[2,4],[2,5],[2,6],[2,7],[2,8],[2,9],[3,4],[3,5],[3,6],[3,7],[3,8],[3,9],[4,5],[4,6],[4,7],[4,8],[4,9],[5,6],[5,7],[5,8],[5,9],[6,7],[6,8],[6,9],[7,8],[7,9],[8,9]]",False,1,Maximum number of function evaluations has been exceeded.,0,20,1,[],[],[],[],79.31622340006288,2.0858480000169948,10,2.8334596278555275,9.31991588198434,1.2902177699222497,0.5681688572657546,256,"[0.9999959722274052,0.9387972986994476,0.9955936121529814,0.9955908197568334,0.8800903525030643,0.8800903525030624,0.879424673826631,0.879424673826651,0.9355455219694114,0.9353626045188529]","[8.055528966544045e-06,0.11865963195462004,0.008793359440178783,0.00879891961591639,0.2254409714310318,0.22544097143103514,0.22661224306492356,0.22661224306488836,0.12475457632298137,0.1250967980677079]","[0.0020943388529631275,0.3678191813413521,0.022122965894067155,0.02274191800885331,0.4251199917594244,0.42511999175937154,0.4173330587751891,0.4173330587754234,0.37318071145693865,0.36059441123194486]"
quartet_baseline,greedy,n2,2.2,-106.75183126618762,-107.44485854904585,-107.25448136033995,10,2.6553496123021487,3.0993061108764905,nan,nan,nan,nan,nan,nan,nan,nan,nan,nan,nan,nan,0,0,nan,nan,0,0,True,10,0.748174357169582,0.17301589915716836,0.9700654986388365,3 3 3 3 2 2 1 1 1 1,0-1-2-3;4-5-8-9;6-7,3,3,7,10,0-1 2-3 4-5 6-7 8-9 0-2 1-2 4-9 0-3 1-3,matching_seed matching_seed matching_seed matching_seed matching_seed greedy_added greedy_added greedy_added greedy_added greedy_added,0.999985901804 0.972767917536 0.209327178235 0.173015899157 0.209327069052 0.999601501947 0.99960105356 0.972758905848 0.972680831162 0.972677313394,2.81961924956e-05 0.0537225786122 0.956182132452 0.970065498639 0.956182178162 0.000796837304595 0.0007977337222 0.0537401110932 0.0538920006898 0.0538988440087,"[0.7878883727160227,3.1200658501853455,-0.012888222610539471,0.0015051039451587772,7.32324004026337e-11,-6.460801079991738e-11,-9.440844960143525e-09,1.4373135966664824e-10,0.0006493440128931882,0.0235611323096429,-0.01284792628492266,-0.001491997978688366,2.620419482216567e-10,-4.40625675642619e-11,-7.840718092529027e-12,2.93731266455101e-10,0.0006473241807586067,-0.0002791489092348688,0.0895946124970702,9.333486185288146e-09,7.08079320322932e-11,9.011604277470171e-11,6.900658804434524e-12,1.35099425252666e-05,-2.5280621566131157e-05,-1.2401256931746046e-09,-5.156247230872444e-11,3.465133319074832e-11,-1.7796356846642708e-10,0.048451446912195044,-2.4809836761782276e-09,-5.682534849965106e-09,-3.139670303541728e-10,-2.1781297344731355e-09,0.7853981582814159,0.4651911319844465,0.6828678298302945,-0.4238928991339796,-3.397277747195808e-09,-1.0858149564935589,-0.07491405808995728,-2.4401228958095735e-09,0.8856385064836635,2.1564038025781798e-09,-5.255698900500174e-08]","[[0,1],[0,2],[0,3],[0,4],[0,5],[0,6],[0,7],[0,8],[0,9],[1,2],[1,3],[1,4],[1,5],[1,6],[1,7],[1,8],[1,9],[2,3],[2,4],[2,5],[2,6],[2,7],[2,8],[2,9],[3,4],[3,5],[3,6],[3,7],[3,8],[3,9],[4,5],[4,6],[4,7],[4,8],[4,9],[5,6],[5,7],[5,8],[5,9],[6,7],[6,8],[6,9],[7,8],[7,9],[8,9]]",False,1,Maximum number of function evaluations has been exceeded.,0,20,1,"[[0,1],[2,3],[4,5],[6,7],[8,9],[0,2],[1,2],[4,9],[0,3],[1,3]]","[""matching_seed"",""matching_seed"",""matching_seed"",""matching_seed"",""matching_seed"",""greedy_added"",""greedy_added"",""greedy_added"",""greedy_added"",""greedy_added""]","[0.9999858343939991,0.9727679161889246,0.20932716380854188,0.17301589915716875,0.20932705377829944,0.9996014233920375,0.9996010302538616,0.9727588294166576,0.9726807471616271,0.9726773104030935]","[2.833101133736804e-05,0.05372258123345741,0.9561821384918718,0.9700654986388364,0.956182184556497,0.0007969943526126011,0.0007977803154184393,0.053740259791934086,0.05389216410109887,0.053898849827004214]",104.3463118999498,1.8998400999698788,10,2.870192822926418,7.48174357169583,3.0993061108764843,1.406257219340154,64,"[0.9999859018043741,0.9727679175362307,0.2093271782352897,0.17301589915716856,0.2093270690515068,0.999601501947355,0.9996010535597702,0.9727589058480802,0.972680831162086,0.9726773133939689]","[2.8196192494056582e-05,0.0537225786122264,0.9561821324520526,0.9700654986388378,0.956182178162307,0.0007968373045934563,0.0007977337221987124,0.05374011109324717,0.053892000689834796,0.05389884400869216]","[0.006446793198699904,0.057743172727189415,0.5946886604198737,1.438887034833208,0.5943322529385678,0.005180221791933821,0.004916640299738293,0.053980748333425595,0.056614730292755586,0.057402568091025424]"
quartet_baseline,ring,n2,2.2,-106.75183126618762,-107.44485854904585,-107.25448136033995,10,5.46322926220473,5.184498829180064,nan,nan,nan,nan,nan,nan,nan,nan,nan,nan,nan,nan,0,0,nan,nan,0,0,True,10,0.5993914185738476,0.17301589915716853,0.9700654986388365,2 2 2 2 2 2 2 2 2 2,0-1-2-3-4-5-6-7-8-9,1,1,9,10,0-1 1-2 2-3 3-4 4-5 5-6 6-7 7-8 8-9 0-9,ring ring ring ring ring ring ring ring ring ring,0.999983132445 0.999599704831 0.972766887549 -0.870377513028 0.209326857988 0.344608445302 0.173015899157 0.344608445302 0.20932677176 -0.870300528376,3.37348263115e-05 0.000800430101782 0.0537245824877 0.242442984815 0.956182266525 0.881245019427 0.970065498639 0.881245019427 0.956182302624 0.242576990308,"[-1.2299046615983142,3.1510000942882437,-0.012888222610539471,0.0015051039451587772,7.32324004026337e-11,-6.460801079991738e-11,-9.440844960143525e-09,1.4373135966664824e-10,0.0006493440128931882,0.0235611323096429,-0.01284792628492266,-0.001491997978688366,2.620419482216567e-10,-4.40625675642619e-11,-7.840718092529027e-12,2.93731266455101e-10,0.0006473241807586067,-0.0002791489092348688,0.0895946124970702,9.333486185288146e-09,7.08079320322932e-11,9.011604277470171e-11,6.900658804434524e-12,1.35099425252666e-05,-2.5280621566131157e-05,-1.2401256931746046e-09,-5.156247230872444e-11,3.465133319074832e-11,-1.7796356846642708e-10,0.048451446912195044,-2.4809836761782276e-09,-5.682534849965106e-09,-3.139670303541728e-10,-2.1781297344731355e-09,0.7853981582814159,0.4651911319844465,0.6828678298302945,-0.4238928991339796,-3.397277747195808e-09,-1.0858149564935589,-0.07491405808995728,-2.4401228958095735e-09,0.8856385064836635,2.1564038025781798e-09,-5.255698900500174e-08]","[[0,1],[0,2],[0,3],[0,4],[0,5],[0,6],[0,7],[0,8],[0,9],[1,2],[1,3],[1,4],[1,5],[1,6],[1,7],[1,8],[1,9],[2,3],[2,4],[2,5],[2,6],[2,7],[2,8],[2,9],[3,4],[3,5],[3,6],[3,7],[3,8],[3,9],[4,5],[4,6],[4,7],[4,8],[4,9],[5,6],[5,7],[5,8],[5,9],[6,7],[6,8],[6,9],[7,8],[7,9],[8,9]]",False,1,Maximum number of function evaluations has been exceeded.,0,20,1,[],[],[],[],47.43063529999927,1.9201592999743298,10,5.301958519397507,2.5125581029297477,5.184498829180065,2.1589980166821823,256,"[0.9999831324445895,0.9995997048310004,0.9727668875492982,-0.8703775130279358,0.20932685798797715,0.3446084453019852,0.17301589915716895,0.34460844530198526,0.2093267717601151,-0.8703005283764361]","[3.37348263090842e-05,0.0008004301017794369,0.05372458248765355,0.24244298481530802,0.9561822665248837,0.8812450194265511,0.9700654986388388,0.8812450194265511,0.9561823026244911,0.24257699030769853]","[0.007687124341626571,0.005715407606960497,0.05690231015797381,0.12031642961663569,0.5948310851124277,1.181411836465803,1.438887034833213,1.1814118364657442,0.595530431347222,0.11926502344989995]"
quartet_baseline,balanced_tree,n2,2.2,-106.75183126618762,-107.44485854904585,-107.25448136033995,10,4.879827816783665,4.630605982371277,nan,nan,nan,nan,nan,nan,nan,nan,nan,nan,nan,nan,0,0,nan,nan,0,0,True,10,0.6449313859614503,0.22054278304049288,0.9513608808487541,3 3 3 3 2 2 1 1 1 1,0-1-2-3-4-5-6-7-8-9,1,1,9,10,0-1 0-2 1-3 1-4 2-5 2-6 3-7 3-8 4-9 0-9,balanced_tree balanced_tree balanced_tree balanced_tree balanced_tree balanced_tree balanced_tree balanced_tree balanced_tree balanced_tree,0.999968895754 0.962489705215 0.972670243063 -0.84289574104 -0.220542830717 -0.22054278304 -0.225364800008 -0.225364751982 0.936578727713 -0.842895381081,6.22075239467e-05 0.0736135673543 0.0539125982591 0.289526769737 0.951360859819 0.951360880849 0.949210706917 0.949210728564 0.122820286796 0.289527376552,"[0.8703278644459492,-0.02370085792703186,-0.012888222610539471,0.0015051039451587772,7.32324004026337e-11,-6.460801079991738e-11,-9.440844960143525e-09,1.4373135966664824e-10,0.0006493440128931882,0.0235611323096429,-0.01284792628492266,-0.001491997978688366,2.620419482216567e-10,-4.40625675642619e-11,-7.840718092529027e-12,2.93731266455101e-10,0.0006473241807586067,-0.0002791489092348688,0.0895946124970702,9.333486185288146e-09,7.08079320322932e-11,9.011604277470171e-11,6.900658804434524e-12,1.35099425252666e-05,-2.5280621566131157e-05,-1.2401256931746046e-09,-5.156247230872444e-11,3.465133319074832e-11,-1.7796356846642708e-10,0.048451446912195044,-2.4809836761782276e-09,-5.682534849965106e-09,-3.139670303541728e-10,-2.1781297344731355e-09,0.7853981582814159,0.4651911319844465,0.6828678298302945,-0.4238928991339796,-3.397277747195808e-09,-1.0858149564935589,-0.07491405808995728,-2.4401228958095735e-09,0.8856385064836635,2.1564038025781798e-09,-5.255698900500174e-08]","[[0,1],[0,2],[0,3],[0,4],[0,5],[0,6],[0,7],[0,8],[0,9],[1,2],[1,3],[1,4],[1,5],[1,6],[1,7],[1,8],[1,9],[2,3],[2,4],[2,5],[2,6],[2,7],[2,8],[2,9],[3,4],[3,5],[3,6],[3,7],[3,8],[3,9],[4,5],[4,6],[4,7],[4,8],[4,9],[5,6],[5,7],[5,8],[5,9],[6,7],[6,8],[6,9],[7,8],[7,9],[8,9]]",False,1,Maximum number of function evaluations has been exceeded.,0,20,1,[],[],[],[],61.94473630003631,1.9070909000001848,10,2.7826965230047325,1.2941012838776103,4.630605982371282,2.2738100012655815,256,"[0.9999688957542897,0.9624897052154471,0.9726702430633657,-0.8428957410397562,-0.22054283071664474,-0.22054278304049274,-0.22536480000825931,-0.22536475198198194,0.9365787277129541,-0.8428953810813117]","[6.22075239469222e-05,0.07361356735428226,0.05391259825905359,0.2895267697370407,0.9513608598194898,0.9513608808487546,0.9492107069172377,0.9492107285641002,0.12282028679558454,0.28952737655179084]","[0.014892304921513201,0.10392586937059904,0.060671120212645493,0.25686713166024816,0.5039294885291143,0.5039293621733287,0.4214719834442559,0.42147187231981675,0.2389334225313611,0.2566039678418497]"
